folder,markdown_count
Project Management,211
Python/Interview Question/Leetcode (Python)/Medium,139
Python/Interview Question/Leetcode (Python)/Easy,127
SQL Interview Prep/1. GitHub SQL Practice Questions/Github SQL Practice Problems,84
Projects/PL - 400 Certification,80
Analyze/A Beautiful Mind,74
Analyze/Daily Reflections,71
Interview Question/StrataScratch/Unsorted,68
SQL Interview Prep/5. Patterns & Decomposition,68
Python/Visualization/Medium,63
Python/Interview Question/Leetcode (Python)/Hard,62
Projects/Enhanced Machine Learning Roadmap/Tasks,62
Interview Question/Data Lemur/Easy,50
Projects/MicroSoft Fabric,50
Google Advanced Data Analytics Professional Certification/The Nuts and Bolts of Machine Learning/Module 4,45
Google Advanced Data Analytics Professional Certification/Get Started with Python/Module 4,43
Interview Question/Data Lemur/Medium,41
Interview Question/StrataScratch/Aggregations & Group By/Grouping by Single & Multiple Columns,38
Agile/Agile Development,37
Interview Question/Leet Code (SQL)/Unsorted,36
Fabric Project/Projects,34
Google Advanced Data Analytics Professional Certification/The Nuts and Bolts of Machine Learning/Module 1,34
"Interview Question/StrataScratch/Aggregations & Group By/Simple Aggregations (COUNT, SUM, AVG)",33
"Interview Question/StrataScratch/Ranking, Ordering & Top N/Top N per Group (PARTITION BY with RANK/DENSE_RANK",33
"Interview Question/StrataScratch/Joins, Subqueries & Set Logic/Inner & Outer Joins",31
SQL Interview Prep/2. LinkedIn Interview Questions/Practice,30
Interview Question/Data Lemur/Unsorted,29
Google Advanced Data Analytics Professional Certification/Go Beyond the Numbers Translate Data into Insights/Module 3,29
Interview Question/Leet Code (SQL)/Chapter 3/3.2 LEFT JOIN,28
Python/Interview Question/Data Lemur (Python)/Medium,28
Google Advanced Data Analytics Professional Certification/Go Beyond the Numbers Translate Data into Insights/Module 2,28
Google Advanced Data Analytics Professional Certification/Regression Analysis Simplify Complex Data Relationships/Module 2,27
Python/Interview Question/Stratascratch (Python)/Medium/Meta,27
Google Advanced Data Analytics Professional Certification/The Nuts and Bolts of Machine Learning/Module 2,27
Google Advanced Data Analytics Professional Certification/Go Beyond the Numbers Translate Data into Insights/Module 4,26
Google Advanced Data Analytics Professional Certification/Get Started with Python/Module 1,26
Google Advanced Data Analytics Professional Certification/The Nuts and Bolts of Machine Learning/Module 5,25
Google Advanced Data Analytics Professional Certification/Get Started with Python/Module 3,25
Projects/Enhanced Machine Learning Roadmap/Projects,24
Python/Interview Question/Stratascratch (Python)/Easy/Amazon,24
Interview Question/Data Lemur/Hard,24
Google Advanced Data Analytics Professional Certification/Get Started with Python/Module 5,24
Google Advanced Data Analytics Professional Certification/Regression Analysis Simplify Complex Data Relationships/Module 3,24
Google Advanced Data Analytics Professional Certification/Go Beyond the Numbers Translate Data into Insights/Module 5,24
SQL Interview Prep/4. Reddit Questions/Essential,23
Python/Interview Question/Stratascratch (Python)/Medium/Google,23
Python/Interview Question/Data Lemur (Python)/Easy,22
Python/Visualization/Hard,22
Google Advanced Data Analytics Professional Certification/Foundations of Data Science/Module 1,22
Google Advanced Data Analytics Professional Certification/Foundations of Data Science/Module 2,21
Google Advanced Data Analytics Professional Certification/Foundations of Data Science/Module 4,21
"Interview Question/StrataScratch/Basic Filtering & Selection/Multiple Conditions (AND, OR, NOT)",21
Google Advanced Data Analytics Professional Certification/Get Started with Python/Module 2,20
Google Advanced Data Analytics Professional Certification/Regression Analysis Simplify Complex Data Relationships/Module 5,20
Python/Interview Question/Stratascratch (Python)/Medium/ESPN,20
"Interview Question/StrataScratch/Joins, Subqueries & Set Logic/Subqueries",20
Google Advanced Data Analytics Professional Certification/Regression Analysis Simplify Complex Data Relationships/Module 4,19
Google Advanced Data Analytics Professional Certification/Foundations of Data Science/Module 5,19
Interview Question/Leet Code (SQL)/Chapter 9/9.1,19
Python/Interview Question/Stratascratch (Python)/Easy/Airbnb,19
Google Advanced Data Analytics Professional Certification/Go Beyond the Numbers Translate Data into Insights/Module 1,18
Python/Interview Question/Stratascratch (Python)/Medium/City of San Francisco,18
Google Advanced Data Analytics Professional Certification/The Nuts and Bolts of Machine Learning/Module 3,18
Python/Interview Question/Stratascratch (Python)/Medium/Airbnb,18
Python/Interview Question/Stratascratch (Python)/Easy/Meta,18
Analyze/My Prompts,18
"Interview Question/StrataScratch/Basic Filtering & Selection/Filtering with Lists & Text (IN, =, LIKE)",18
Python/Interview Question/Stratascratch (Python)/Hard/Google,18
Python/Interview Question/Stratascratch (Python)/Easy/Google,17
Python/Interview Question/Stratascratch (Python)/Easy/ESPN,17
Projects/To-Do/Kotlin Google Developers/Unit 2- Get User Input Part I/Get User Input in an App -Part 2/Change the App Theme/Untitled,17
Google Advanced Data Analytics Professional Certification/Regression Analysis Simplify Complex Data Relationships/Module 6,17
Google Advanced Data Analytics Professional Certification/Regression Analysis Simplify Complex Data Relationships/Module 1,17
Projects/Enhanced Data Engineering Roadmap/AZ-900,16
"Interview Question/StrataScratch/Ranking, Ordering & Top N/Basic Sorting & Limiting (ORDER BY, LIMIT)",16
Python/Visualization/Easy,15
SQL Interview Prep/Interview Experience/07-05-2025/SQL Interview Prep Questions,15
Python/Interview Question/Stratascratch (Python)/Easy/City of San Francisco,15
My Portfolio At Flipcarbon,14
Interview Question/Leet Code (SQL)/Chapter 10/10.4,14
Interview Question/StrataScratch/Date & Time Analysis/Date Part Extraction & Filtering,14
Interview Question/Leet Code (SQL)/Chapter 2/2.5 Multiple Aggregations & Complex Grouping,14
Python/Interview Question/Stratascratch (Python)/Medium/Amazon,14
Projects/Certifications/Learnings,13
Interview Question/Leet Code (SQL)/Chapter 10/10.6,12
Python/Interview Question/Stratascratch (Python)/Hard/Meta,12
Projects/To-Do/Kotlin Google Developers/Unit 1- Kotlin Basics,12
Analyze/Me/Letters To Ani/Shared Trips,12
Python/Interview Question/Stratascratch (Python)/Medium/Wine Magazine,11
Interview Question/Leet Code (SQL)/Chapter 9/9.2,11
Interview Question/StrataScratch/Date & Time Analysis/Date Calculations & Durations,11
Python/Algorithm Problems/Goldman Sachs/Medium,11
"Interview Question/StrataScratch/Ranking, Ordering & Top N/Advanced Ranking & Ordering",11
Python/Interview Question/Stratascratch (Python)/Hard/City of San Francisco,11
Google Advanced Data Analytics Professional Certification/Foundations of Data Science/Module 3,11
Interview Question/Leet Code (SQL)/Chapter 10/10.3,11
Python/Interview Question/Stratascratch (Python)/Easy/Spotify,10
Python/Interview Question/Stratascratch (Python)/Easy/City of Los Angeles,10
Python/Interview Question/Stratascratch (Python)/Easy/Forbes,10
Interview Question/StrataScratch/Advanced Scenarios & Complex Logic/Multi-Step Logic with CTEs,10
Movement/DP 700 Professional Certification/Module 1 - Ingest Data With Fabric/Chapter 1.3 - Use Apache Spark in Microsoft Fabric,10
"Interview Question/StrataScratch/Comparisons, Differences & Percentage Change/Calculating Growth & Difference",10
Movement/DP 700 Professional Certification/Module 1 - Ingest Data With Fabric/Chapter 1.4 - Get Started With Real-Time Intelligence In Microsoft Fabric,10
Interview Question/Leet Code (SQL)/Chapter 9/9.4,10
Python/Projects/Easy/Business Analysis,9
Python/Projects/Medium/Business Analysis,9
Movement/DP 700 Professional Certification/Module 2 - Implement a Lakehouse with Microsoft Fabric/Chapter 2.3 Work with Delta Lake tables in Microsoft Fabric,9
Python/Interview Question/Stratascratch (Python)/Easy/Yelp,9
"Interview Question/StrataScratch/Joins, Subqueries & Set Logic/Set Operations (UNION, EXCEPT)",9
Python/Interview Question/Stratascratch (Python)/Medium/DoorDash,9
SOPs of Power BI/1. Data Source Connectivity & Governance SOP/1.1 Data Source Registration & Approval,8
Movement/DP 700 Professional Certification/Module 4 - Implement a data warehouse with Microsoft Fabric/Chapter 4.1 - Query a data warehouse in Microsoft Fabric,8
Movement/DP 700 Professional Certification/Module 4 - Implement a data warehouse with Microsoft Fabric/Chapter 4.3 - Secure a Microsoft Fabric data warehouse,8
Interview Question/StrataScratch/Basic Filtering & Selection/Numeric & Range Filtering,8
Python/Interview Question/Stratascratch (Python)/Medium/Uber,8
Python/Interview Question/Stratascratch (Python)/Hard/Wine Magazine,8
Interview Question/Leet Code (SQL)/Chapter 1/1.2 String Pattern Matching & Validation,8
VST Tillers Training Session,8
SQL Interview Prep/6. Cheat Sheet,8
Movement/DP 700 Professional Certification/Module 2 - Implement a Lakehouse with Microsoft Fabric/Chapter 2.4 Organize a Fabric lakehouse using medallion architecture design,8
Movement/DP 700 Professional Certification/Module 1 - Ingest Data With Fabric/Chapter 1.1 - Ingest Data With Microsoft Fabric,8
Movement/DP 700 Professional Certification/Module 5 - Manage a Microsoft Fabric environment/Chapter 5.4 - Manage a Microsoft Fabric environment/Chapter 7.1 Implement continuous integration and continuous delivery (CI-CD) in Microsoft Fabric,8
"Interview Question/StrataScratch/Comparisons, Differences & Percentage Change/Calculating Ratios & Percentages",8
Projects/Data Engineering Projects/Workout,8
Projects/Data Engineering Projects/Item Types,8
Interview Question/Leet Code (SQL)/Chapter 10/10.1,7
Interview Question/Leet Code (SQL)/Chapter 13/13.10,7
Analyze/Me/Letters To Ani/What I Admire About You,7
Projects/Forage Documentation,7
Projects/To-Do,7
Projects/To-Do/Kotlin Google Developers/Unit 2- Get User Input Part I/Get User Input in an App -Part 2,7
Movement/DP 700 Professional Certification/Module 4 - Implement a data warehouse with Microsoft Fabric/Chapter 4.2 - Monitor a Microsoft Fabric data warehouse,7
Python/Algorithm Problems/Meta/Medium,7
Python/Interview Question/Stratascratch (Python)/Medium/Forbes,7
Movement/DP 700 Professional Certification/Module 3 - Implement Real-Time Intelligence with Microsoft Fabric/Chapter 3.1 - Create Real-Time Dashboards with Microsoft Fabric,7
Python/Interview Question/Stratascratch (Python)/Easy/Uber,7
Movement/DP 700 Professional Certification/Module 1 - Ingest Data With Fabric/Chapter 1.5 - Use Real-Time Eventstreams in Microsoft Fabric,7
Movement/DP 700 Professional Certification/Module 5 - Manage a Microsoft Fabric environment/Chapter 5.3 - Administer a Microsoft Fabric environment,7
Movement/DP 700 Professional Certification/Module 5 - Manage a Microsoft Fabric environment/Chapter 5.2 - Secure data access in Microsoft Fabric,7
Movement/DP 700 Professional Certification/Module 1 - Ingest Data With Fabric/Chapter 1.2 - Orchestrate Process & Data Movement With Microsoft Fabric,7
Movement/DP 700 Professional Certification/Module 1 - Ingest Data With Fabric/Chapter 1.6 - Work With Real Time Data in a Microsoft Fabric Eventhouse,7
Movement/DP 700 Professional Certification/Module 2 - Implement a Lakehouse with Microsoft Fabric/Chapter 2.2 Get started with lakehouses in Microsoft Fabric,7
Movement/DP 700 Professional Certification/Module 5 - Manage a Microsoft Fabric environment/Chapter 5.1 - Monitor activities in Microsoft Fabric,7
Interview Question/Leet Code (SQL)/Chapter 10/10.2,7
Interview Question/StrataScratch/Date & Time Analysis/Time-based Aggregations,7
Python/Interview Question/Stratascratch (Python)/Medium/Lyft,6
SOPs of Power BI/1. Data Source Connectivity & Governance SOP/1.3 Credential & Authentication Management,6
Projects/Data Engineering Projects/Projects/Binaryville/2. Project Setup,6
Interview Question/Leet Code (SQL)/Chapter 2/2.1 GROUP BY with COUNT,6
Projects/Certifications/Purchase/Advanced Corporate Strategy/Course Layout,6
SQL Interview Prep/Topics/Introduction to SQL/SQL 101,6
"Projects/To-Do/Kotlin Google Developers/Unit 6- Data Persistence/Introduction to SQL, Room and Flow/Use Room For Data Persistance",6
Python/Algorithm Problems/Meta/Easy,6
Projects/PL -300 Certification/Modules,6
Interview Question/StrataScratch/Aggregations & Group By/Filtering Aggregates (HAVING),6
Movement/DP 700 Professional Certification/Module 2 - Implement a Lakehouse with Microsoft Fabric/Chapter 2.1 Introduction to end-to-end analytics using Microsoft Fabric,6
Python/Interview Question/Stratascratch (Python)/Easy/Apple,6
Projects/Forage Documentation/CommBank,6
Analyze/Me/Letters To Ani/The Journey of Us,6
Python/Interview Question/Stratascratch (Python)/Medium/Spotify,6
Interview Question/Leet Code (SQL)/Chapter 11/11.3,6
SOPs of Power BI/3. DAX Development Standards SOP/3.5 Common Calculation Patterns,6
Interview Question/Leet Code (SQL)/Chapter 1/1.1 Simple SELECT with WHERE,6
Interview Question/Leet Code (SQL)/Chapter 10/10.5,6
SOPs of Power BI/4. Report Design & UX Standards SOP/4.3 Layout & Navigation Standards,6
Interview Question/Leet Code (SQL)/Chapter 9/9.6,6
Python/Interview Question/Stratascratch (Python)/Hard/ESPN,6
"Interview Question/StrataScratch/Advanced Scenarios & Complex Logic/Advanced Statistics (Median, Variance)",6
Interview Question/Leet Code (SQL)/Chapter 9/9.5,6
Python/Interview Question/Stratascratch (Python)/Medium/Asana,6
Python/Interview Question/Stratascratch (Python)/Hard/Uber,6
Interview Question/Leet Code (SQL)/Chapter 13/13.4,6
SQL Interview Prep/Topics/Window Functions (Advanced),6
Interview Question/Leet Code (SQL)/Chapter 11/11.1,6
Interview Question/Leet Code (SQL)/Chapter 10/10.9,6
Interview Question/Leet Code (SQL)/Chapter 11/11.4,6
Interview Question/Leet Code (SQL)/Chapter 9/9.3,6
Python/Interview Question/Stratascratch (Python)/Medium/Yelp,6
Analyze/Me/Letters To Ani/Looking Inwards,5
Interview Question/Leet Code (SQL)/Chapter 13/13.8,5
Interview Question/Leet Code (SQL)/Chapter 5/5.1 ROW_NUMBER & RANK Functions,5
Email Out Reach/CFO,5
Analyze/Me/Letters To Ani/Why Her,5
SOPs of Power BI/4. Report Design & UX Standards SOP/4.1 Branding & Visual Identity,5
SOPs of Power BI/3. DAX Development Standards SOP/3.1 Measure Naming Conventions,5
SOPs of Power BI/2. Data Modeling Standards SOP/2.6 Row-Level Security (RLS) Implementation,5
Python/Projects/Hard/NLP,5
Interview Question/Leet Code (SQL)/Chapter 13/13.3,5
Python/Projects/Medium/Classification,5
Interview Question/Leet Code (SQL)/Chapter 4/4.2 CASE Statements & Conditional Logic,5
SOPs of Power BI/4. Report Design & UX Standards SOP/4.4 Filter & Slicer Standards,5
Python/Interview Question/Stratascratch (Python)/Easy/Wine Magazine,5
Python/Interview Question/Stratascratch (Python)/Hard/City of Los Angeles,5
"Interview Question/StrataScratch/Ranking, Ordering & Top N/N-th Highest Value",5
Projects/Data Engineering Projects/Projects/Binaryville/4. Silver Layer Implementation,5
Projects/To-Do/Kotlin Google Developers/Unit 5- Connect to Internet/Get and display data from the internet,5
Projects/Data Engineering Projects/Projects/Binaryville/2. Project Setup/Load Customer Data into Azure Data Lake Storage (ADLS),5
Projects/To-Do/Kotlin Google Developers/Unit 1- Kotlin Basics/Intro to Debugging/Types of Log Levels,5
Power BI Interview Files/Power BI Interview Questions/Power BI Interview Questions/Accenture,5
Projects/Certifications/Purchase/Customer Relationship Management,5
Projects/To-Do/Kotlin Google Developers/Unit 4- Adaptive Layouts/Adaptive Layout/Untitled,5
Python/Algorithm Problems/Amazon/Hard,5
Interview Question/StrataScratch/Advanced Scenarios & Complex Logic/Sequential Analysis (Streaks & Consecutive Events),4
"Interview Question/StrataScratch/Joins, Subqueries & Set Logic/Self Joins",4
Python/Interview Question/Stratascratch (Python)/Hard/LinkedIn,4
Python/Interview Question/Stratascratch (Python)/Medium/Apple,4
Interview Question/Leet Code (SQL)/Chapter 1/1.3 NULL Handling & Basic Conditions,4
Template,4
VST Tillers Training Session/Untitled,4
SQL Interview Prep/2. LinkedIn Interview Questions,4
SQL Interview Prep/07-07-2025/Deloitte,4
Python/Interview Question/Stratascratch (Python)/Medium/Deloitte,4
Python/Interview Question/Stratascratch (Python)/Medium/Tesla,4
SOPs of Power BI/2. Data Modeling Standards SOP/2.5 Calculated Columns vs Measures Policy,4
SOPs of Power BI/1. Data Source Connectivity & Governance SOP/1.4 Gateway Configuration & Management,4
Interview Question/Leet Code (SQL)/Chapter 2/2.2 GROUP BY with SUM,4
Interview Question/Leet Code (SQL)/Chapter 3/3.1 Basic INNER JOIN,4
Python/Projects/Hard/Classification,4
Python/Projects/Easy/Data Exploration,4
Python/Interview Question/Stratascratch (Python)/Medium/Walmart,4
Python/Interview Question/Stratascratch (Python)/Medium/LinkedIn,4
Interview Question/Leet Code (SQL)/Chapter 4/4.3 String Manipulation & Formatting,4
Interview Question/StrataScratch/String Manipulation & Pattern Matching/Pattern Matching (LIKE),4
Projects/Certifications/Learnings/Data Analysis in R with RStudio & Tidyverse,4
Power BI Interview Files/Power BI Interview Questions/Power BI Interview Questions/Deloitte,4
Power BI Interview Files/Power BI Interview Questions/Power BI Interview Questions/Capgemini,4
Python/Interview Question/Stratascratch (Python)/Easy/Lyft,4
Python/Interview Question/Stratascratch (Python)/Hard/Amazon,4
Interview Question/StrataScratch/String Manipulation & Pattern Matching/String Cleaning & Positioning,4
Projects/Stats Roadmap/Hypothesis Testing,4
Projects/Stats Roadmap/Time Series Analysis,4
"Projects/To-Do/Kotlin Google Developers/Unit 6- Data Persistence/Introduction to SQL, Room and Flow/Use Room For Data Persistance/Preferences DataStore/Untitled",4
Projects/To-Do/Kotlin Google Developers/Unit 2- Get User Input Part I/Get User Input in an App -Part 2/Display a Scrollable List,4
Projects/To-Do/Kotlin Google Developers/Unit 3- Navigation/Advanced App Layout Navigation,4
Projects/To-Do/Tata Data Visualization Internship,4
Projects/To-Do/Kotlin Google Developers/Unit 2- Get User Input Part I/Get user Input in an App- Part 1,4
Projects/Stats Roadmap/Descriptive Statistics,4
Projects/Stats Roadmap/Correlation & Regression,4
Projects/Stats Roadmap/Advanced Topics,4
Projects/Forage Documentation/Standard Bank,4
Projects/Data Engineering Projects/Projects,4
Projects/Stats Roadmap/Probability Basics,4
SQL Interview Prep/Topics/System Design for SQL (Basic),4
Projects/Data Engineering Projects/Projects/Binaryville/3. Bronze Layer Implementation/Create a Pipeline to Load Customer Data,4
Projects/Data Engineering Projects/Projects/Binaryville/3. Bronze Layer Implementation,4
Projects/Forage Documentation/Accenture Forage Internship,4
Projects/Data Engineering Projects/Projects/Binaryville/5. Golden Layer Implementation,4
SQL Interview Prep/Topics/Aggregate Functions & Grouping/The Most Important Functions in SQL,4
SQL Interview Prep/Topics/Joins & Relationships/Joins - Relationship,4
SQL Interview Prep/Topics/Subqueries & CTEs/SubQueries,4
SQL Interview Prep/Topics/Advanced SQL Concepts & Optimization/Advanced Topics,4
Fabric Project/Projects/New folder,4
SQL Interview Prep/Interview Experience,4
Assets,4
Analyze/Me/Letters To Ani/Looking Forward With Her,4
SOPs of Power BI/3. DAX Development Standards SOP/3.2 DAX Code Formatting Standards,3
Python/Projects/Hard/Regression,3
Python/Interview Question/Stratascratch (Python)/Medium/Shopify,3
Projects/Stats Roadmap/Bayesian,3
Interview Question/Leet Code (SQL)/Chapter 2/2.4 GROUP BY With MAX,3
Projects/Stats Roadmap/Introduction,3
Projects/Stats Roadmap/Multivariate Statistics,3
Projects/Stats Roadmap/Non Parametric,3
Projects/Stats Roadmap/Experimental Design,3
Interview Question/Leet Code (SQL)/Chapter 2/2.3 GROUP BY with AVG,3
Interview Question/Leet Code (SQL)/Chapter 13/13.6,3
Python/Projects/Easy/Data Engineering,3
Python/Interview Question/Stratascratch (Python)/Easy/Oracle,3
Power BI Interview Files/Power BI Interview Questions/Power BI Interview Questions/TCS,3
Python/Algorithm Problems/Meta/Hard,3
Python/Interview Question/Stratascratch (Python)/Easy/Asana,3
Python/Interview Question/Stratascratch (Python)/Easy/Bosch,3
Interview Question/StrataScratch/String Manipulation & Pattern Matching/Substring Extraction & Concatenation,3
Power BI Interview Files/Power BI Interview Questions/Power BI Interview Questions/EY,3
Power BI Interview Files/Power BI Interview Questions/Power BI Interview Questions/Amazon,3
Projects/To-Do/Kotlin Google Developers/Unit 7- Work Manager,3
"Projects/To-Do/Kotlin Google Developers/Unit 6- Data Persistence/Introduction to SQL, Room and Flow",3
Interview Question/Leet Code (SQL)/Chapter 10/10.7,3
Projects/Stats Roadmap/Random Variables,3
Python/Interview Question/Stratascratch (Python)/Medium/City of Los Angeles,3
Python/Interview Question/Stratascratch (Python)/Medium/Dropbox,3
Python/Interview Question/Stratascratch (Python)/Medium/Ebay,3
Python/Interview Question/Stratascratch (Python)/Medium/General Assembly,3
Projects/To-Do/Kotlin Google Developers/Unit 3- Navigation/Introduction to the Navigation Component,3
Interview Question/StrataScratch/Advanced Scenarios & Complex Logic/Running Calculations (Totals & Averages),3
Projects/Certifications/Purchase,3
Python Roadmap/Functions,3
Python Roadmap/Learn The Basics,3
Python/Algorithm Problems/Amazon/Easy,3
Python/Interview Question/Stratascratch (Python)/Hard/Shopify,3
Projects/Stats Roadmap/Survival Analysis,3
Projects/Stats Roadmap/Statistical Learning,3
Projects/To-Do/Kotlin Google Developers/Unit 4- Adaptive Layouts,3
Interview Question/StrataScratch/Advanced Scenarios & Complex Logic/Pivoting Data (CASE WHEN with Aggregates),3
Python/Algorithm Problems/Google/Medium,3
Python/Interview Question/Stratascratch (Python)/Hard/IBM,3
Python/Interview Question/Stratascratch (Python)/Hard/DoorDash,3
Projects/To-Do/Kotlin Google Developers/Unit 3- Navigation/Architecture Components,3
Projects/To-Do/Kotlin Google Developers/Unit 3- Navigation/Advanced App Layout Navigation/Shared ViewModel Across Fragments/Untitled,3
Clippings,3
Python/Interview Question/Stratascratch (Python)/Easy/Audible,3
Python/Interview Question/Stratascratch (Python)/Easy/Shopify,3
SQL Interview Prep/07-07-2025/Capgemini,3
Power BI Interview Files/Power BI Interview Questions/Power BI Interview Questions/Wipro,3
Python/Projects/Medium/Data Exploration,2
Interview Question/Leet Code (SQL)/Chapter 11/11.6,2
Interview Question/Leet Code (SQL)/Chapter 13/13.2,2
Analyze/Me/How We Met,2
Analyze/Me,2
SQL Interview Prep/3. Medium SQL Questions,2
SOPs of Power BI/2. Data Modeling Standards SOP/2.3 Relationship Management,2
SOPs of Power BI/4. Report Design & UX Standards SOP/4.2 Visual Selection Guidelines,2
SOPs of Power BI/3. DAX Development Standards SOP/3.4 Time Intelligence Patterns,2
SOPs of Power BI/3. DAX Development Standards SOP/3.3 DAX Best Practices,2
Analyze/Me/Letters To Ani,2
Python/Interview Question/Stratascratch (Python)/Medium/Visa,2
Projects/Stats Roadmap/Data Types & Measurement Scales,2
Projects/Stats Roadmap/Data Collection Methods,2
Projects/Stats Roadmap/Confidence Intervals,2
Projects/Stats Roadmap/Categorical Data Analysis,2
Projects/Stats Roadmap/ANOVA,2
Python/Interview Question/Stratascratch (Python)/Medium/Tripadvisor,2
Python/Interview Question/Stratascratch (Python)/Medium/Tiktok,2
Python/Interview Question/Stratascratch (Python)/Medium/Postmates,2
Python/Interview Question/Stratascratch (Python)/Medium/Siemens,2
Projects/Data Engineering Projects/Projects/Binaryville/1. BinaryVille - Project Requirement,2
SOPs of Power BI/1. Data Source Connectivity & Governance SOP/1.5 Data Refresh Configuration,2
Projects/Stats Roadmap/Ethical Consideration,2
Python/Projects/Easy/Regression,2
SOPs of Power BI/1. Data Source Connectivity & Governance SOP/1.2 Connection Method Standards,2
Python/Projects/Medium/Regression,2
Projects/To-Do/Kotlin Google Developers/Unit 3- Navigation,2
Projects/To-Do/Kotlin Google Developers/Unit 1- Kotlin Basics/Introduction to Kotlin,2
Projects/Certifications/Purchase/Advanced Corporate Strategy/Week 4,2
Projects/Certifications/Purchase/Advanced Corporate Strategy/Week 3,2
Projects/Certifications/Purchase/Advanced Corporate Strategy/Week 2,2
Python/Interview Question/Stratascratch (Python)/Medium/Instacart,2
Python/Interview Question/Stratascratch (Python)/Hard/Walmart,2
Python/Interview Question/Stratascratch (Python)/Hard/Yelp,2
Projects/Certifications/Learnings/Introduction to Data Analytics/The Before,2
Python/Interview Question/Stratascratch (Python)/Medium/Microsoft,2
Interview Question/Leet Code (SQL)/Chapter 5/5.2 LAG & LEAD Functions,2
Interview Question/Leet Code (SQL)/Chapter 6/6.1 EXISTS & NOT EXISTS,2
Interview Question/Leet Code (SQL)/Chapter 4/4.1 UPDATE & DELETE Operations,2
Projects/To-Do/Kotlin Google Developers/Unit 3- Navigation/Navigate Between Screens,2
Projects/To-Do/Kotlin Google Developers/Unit 5- Connect to Internet,2
Projects/Stats Roadmap/Sampling Distributions,2
Interview Question/Leet Code (SQL)/Chapter 4/4.4 Date & Time Manipulation,2
Projects/Data Engineering Projects/Item Types/Event Schema Set,2
Projects/Certifications/Purchase/Google Digital Unlocked,2
Projects/Certifications/Purchase/Advanced Corporate Strategy/Week 5,2
Python/Interview Question/Stratascratch (Python)/Medium/Redfin,2
Python/Interview Question/Stratascratch (Python)/Medium/Ring Central,2
Interview Question/StrataScratch/Basic Filtering & Selection/Handling NULLs & Missing Data,2
Python/Interview Question/Stratascratch (Python)/Easy/Visa,2
Python/Interview Question/Stratascratch (Python)/Easy/Twitch,2
Interview Question/StrataScratch/Advanced Scenarios & Complex Logic/Gaps & Islands Puzzles,2
Python Roadmap,2
Python/Algorithm Problems/LinkedIn/Easy,2
Projects/To-Do/Kotlin Google Developers/Unit 5- Connect to Internet/Get and display data from the internet/Load and display images from the internet/Untitled,2
Python/Interview Question/Stratascratch (Python)/Hard/Netflix,2
Python/Interview Question/Stratascratch (Python)/Hard/Ebay,2
Projects/To-Do/Kotlin Google Developers/Unit 5- Connect to Internet/Introduction to Coroutines/Untitled,2
Power BI Interview Files/Power BI Interview Questions/Power BI Interview Questions/KPMG,2
Python/Algorithm Problems/Goldman Sachs/Hard,2
Python/Algorithm Problems/Goldman Sachs/Easy,2
Python/Algorithm Problems/Deloitte/Medium,2
Python/Algorithm Problems/Deloitte/Easy,2
Projects/Certifications/Learnings/Data Analysis in R with RStudio & Tidyverse/Week 2,2
Projects/Certifications/Learnings/Data Analysis in R with RStudio & Tidyverse/Week 1,2
Power BI Interview Files/Power BI Interview Questions/Power BI Interview Questions/Hexaware,2
Power BI Interview Files/Power BI Interview Questions/Power BI Interview Questions/Genpact,2
Power BI Interview Files/Power BI Interview Questions/Power BI Interview Questions/Adobe,2
Python/Interview Question/Stratascratch (Python)/Hard/Airbnb,2
Python/Interview Question/Stratascratch (Python)/Easy/Amadeus,2
Movement/PL 600 - Power Platform,2
Power BI Interview Files/Power BI Interview Questions/Power BI Interview Questions/PWC,2
Movement/PL 300 - Power BI,2
Power BI Interview Files/Power BI Interview Questions/Power BI Interview Questions/Siemens,2
Power BI Interview Files/Power BI Interview Questions/Power BI Interview Questions/Walmart,2
Power BI Interview Files/Power BI Interview Questions/Power BI Interview Questions/Volkswagen,2
Power BI Interview Files/Power BI Interview Questions/Power BI Interview Questions/Tech Mahindra,2
Power BI Interview Files/Power BI Interview Questions/Power BI Interview Questions/Slice,2
Python/Interview Question/Stratascratch (Python)/Easy/American Airlines,2
Python/Interview Question/Stratascratch (Python)/Easy/Microsoft,2
Python/Interview Question/Stratascratch (Python)/Easy/Ring Central,2
Python/Interview Question/Stratascratch (Python)/Easy/Siemens,2
Python/Interview Question/Stratascratch (Python)/Easy/General Assembly,2
Python/Interview Question/Stratascratch (Python)/Easy/Expedia,2
Python/Interview Question/Stratascratch (Python)/Easy/Deloitte,2
Projects/Forage Documentation/BCG - Data Analysis Foundation,2
SQL Interview Prep/07-07-2025/EY,2
SQL Interview Prep/07-07-2025/Cognizant,2
Analyze/Me/Letters To Ani/A Few More Thoughts,2
Agile/バラスブラマニアン/Area/Old Data/Stop Tripping I am that Guy/Health/Ask myself,2
Projects/Data Engineering Projects/Projects/Binaryville/3. Bronze Layer Implementation/Create a Pipeline to Load Orders Data,1
Email Out Reach,1
Fabric Project,1
Google Advanced Data Analytics Professional Certification,1
SQL Interview Prep/Topics/Advanced SQL Concepts & Optimization,1
SQL Interview Prep/Topics/Aggregate Functions & Grouping,1
SQL Interview Prep/Topics/Introduction to SQL,1
SQL Interview Prep/Topics/Joins & Relationships,1
SQL Interview Prep/Topics/Subqueries & CTEs,1
Interview Question/Leet Code (SQL)/Chapter 11/11.2,1
Interview Question/Leet Code (SQL)/Chapter 11,1
Interview Question/Leet Code (SQL)/Chapter 10/10.8,1
Interview Question/Leet Code (SQL)/Chapter 10,1
SQL Interview Prep/1. GitHub SQL Practice Questions,1
SQL Interview Prep/07-07-2025/UST,1
SOPs of Power BI/6. Performance Optimization SOP/6.5 Incremental Refresh Configuration,1
SOPs of Power BI/6. Performance Optimization SOP/6.6 Performance Monitoring,1
SOPs of Power BI/7. Testing & Quality Assurance SOP,1
SOPs of Power BI/7. Testing & Quality Assurance SOP/7.1 Unit Testing,1
SOPs of Power BI/7. Testing & Quality Assurance SOP/7.2 Data Validation,1
SOPs of Power BI/7. Testing & Quality Assurance SOP/7.3 User Acceptance Testing (UAT),1
SOPs of Power BI/7. Testing & Quality Assurance SOP/7.4 Cross-Platform Testing,1
Projects/Data Engineering Projects/Projects/Binaryville/2. Project Setup/Fabric Workspace Creation,1
Projects/Data Engineering Projects/Projects/Binaryville/2. Project Setup/Introduction to Azure Data Lake Storage (ADLS),1
Projects/Data Engineering Projects/Projects/Binaryville/2. Project Setup/Load Orders Data into Azure Data Lake Storage (ADLS),1
Projects/Data Engineering Projects/Projects/Binaryville/2. Project Setup/Load Product Data into Azure Data Lake Storage (ADLS),1
Projects/MicroSoft Fabric/Implement and manage an analytics solution,1
SOPs of Power BI/8. Documentation Standards SOP/8.3 Architecture Documentation,1
SOPs of Power BI/8. Documentation Standards SOP/8.4 Deployment Documentation,1
SOPs of Power BI/8. Documentation Standards SOP/8.5 User Documentation,1
SOPs of Power BI/8. Documentation Standards SOP/8.6 Technical Design Documents,1
Python/Interview Question/Stratascratch (Python)/Easy/Square,1
Python/Interview Question/Stratascratch (Python)/Easy/British Airways,1
Python/Interview Question/Stratascratch (Python)/Easy/Burtch Works,1
Python/Interview Question/Stratascratch (Python)/Easy/CVS Health,1
Python/Interview Question/Stratascratch (Python)/Easy/Capital One,1
Python/Interview Question/Stratascratch (Python)/Easy/Crunchbase,1
Python/Interview Question/Stratascratch (Python)/Easy/Delta Airlines,1
Python/Interview Question/Stratascratch (Python)/Easy/DoorDash,1
Python/Interview Question/Stratascratch (Python)/Easy/Etsy,1
Python/Interview Question/Stratascratch (Python)/Easy/Glassdoor,1
Python/Interview Question/Stratascratch (Python)/Easy/Goldman Sachs,1
Python/Interview Question/Stratascratch (Python)/Easy/LinkedIn,1
Projects/Certifications/Learnings/Hubspot Marketing Software,1
Python/Algorithm Problems/Spotify/Easy,1
Python/Algorithm Problems/Spotify/Hard,1
Python/Algorithm Problems/Stitch Fix/Medium,1
Python/Interview Question/Stratascratch (Python)/Easy/Linux,1
Python/Interview Question/Stratascratch (Python)/Easy/MetLife,1
Python/Interview Question/Stratascratch (Python)/Easy/Natera,1
Python/Interview Question/Stratascratch (Python)/Easy/Netflix,1
Python/Interview Question/Stratascratch (Python)/Easy/Noom,1
Python/Interview Question/Stratascratch (Python)/Easy/Postmates,1
Python/Interview Question/Stratascratch (Python)/Easy/Revolut,1
Python/Interview Question/Stratascratch (Python)/Easy/Salesforce,1
Python/Interview Question/Leetcode (Python),1
Python/Interview Question/Stratascratch (Python),1
Python/Algorithm Problems/Microsoft/Hard,1
Python/Algorithm Problems/Microsoft/Medium,1
Python/Algorithm Problems/Netflix/Easy,1
Power BI Interview Files/Power BI Interview Questions/Power BI Interview Questions/Startup,1
Python/Interview Question/Stratascratch (Python)/Easy/Sears,1
Python/Interview Question/Stratascratch (Python)/Easy/Southwest Airlines,1
Python/Interview Question/Stratascratch (Python)/Easy/Stripe,1
Power BI Interview Files/Power BI Interview Questions,1
Power BI Interview Files/Power BI Interview Questions/Power BI Interview Questions/Cummins,1
Power BI Interview Files/Power BI Interview Questions/Power BI Interview Questions/EXL Services,1
Power BI Interview Files/Power BI Interview Questions/Power BI Interview Questions/Eaton,1
Power BI Interview Files/Power BI Interview Questions/Power BI Interview Questions/Honey Well,1
Projects/Certifications/Learnings/Data Analytics Methods for Marketing,1
"Projects/Certifications/Learnings/Decisions, Decisions- Dashboards and Reports",1
Projects/Certifications/Learnings/Go Beyond the Numbers- Translate Data into Insights,1
Python/Algorithm Problems/Apple/Easy,1
Python/Algorithm Problems/Bloomberg L.P/Hard,1
Python/Algorithm Problems/Citadel/Medium,1
Python/Algorithm Problems/Deloitte/Hard,1
Python/Algorithm Problems/EY/Easy,1
Python/Algorithm Problems/EY/Medium,1
Python/Algorithm Problems/Etsy/Medium,1
Projects/To-Do/Tableau AirBNB Project,1
Projects/To-Do/Tata Data Visualization Internship/Task 2 Choosing the Right Visual,1
Interview Question/Leet Code (SQL)/Chapter 8/8.2 String Functions & Formatting,1
Interview Question/Leet Code (SQL)/Chapter 9,1
Interview Question/Leet Code (SQL)/Chapter 9/9.7,1
Python/Interview Question/Stratascratch (Python)/Easy/Tripadvisor,1
Python/Interview Question/Stratascratch (Python)/Easy/Virgin,1
Python/Interview Question/Stratascratch (Python)/Easy/Whole Foods Market,1
Python/Interview Question/Stratascratch (Python)/Easy/Zillow,1
Python/Interview Question/Stratascratch (Python)/Hard/ActiveCampaign,1
Python/Interview Question/Stratascratch (Python)/Hard/Apple,1
Python/Interview Question/Stratascratch (Python)/Hard/Block,1
Python/Interview Question/Stratascratch (Python)/Hard/Cisco Systems,1
Master Prompts,1
Movement/DP 700 Professional Certification,1
Interview Question/StrataScratch/Days Without Hiring,1
Python/Interview Question/Stratascratch (Python)/Medium/Capital One,1
Python/Interview Question/Stratascratch (Python)/Medium/Chase,1
Python/Interview Question/Stratascratch (Python)/Hard/Dell,1
Python/Interview Question/Stratascratch (Python)/Hard/Deloitte,1
Python/Interview Question/Stratascratch (Python)/Hard/Delta Airlines,1
Python/Interview Question/Stratascratch (Python)/Hard/Instacart,1
Python/Interview Question/Stratascratch (Python)/Hard/Lyft,1
Python/Interview Question/Stratascratch (Python)/Hard/Oracle,1
Python/Interview Question/Stratascratch (Python)/Hard/Robinhood,1
Python/Algorithm Problems/Google/Easy,1
Python/Algorithm Problems/KPMG/Easy,1
Python/Algorithm Problems/LinkedIn/Medium,1
Projects/To-Do/Kotlin Google Developers/Unit 6- Data Persistence,1
"Projects/To-Do/Kotlin Google Developers/Unit 6- Data Persistence/Introduction to SQL, Room and Flow/Introduction to room and flow/Untitled",1
"Projects/To-Do/Kotlin Google Developers/Unit 6- Data Persistence/Introduction to SQL, Room and Flow/Use Room For Data Persistance/Read and update with Room/Untitled",1
Projects/To-Do/Kotlin Google Developers/Unit 7- Work Manager/Background work with WorkManager/Untitled,1
Python/Interview Question/Stratascratch (Python)/Hard/Salesforce,1
Python/Interview Question/Stratascratch (Python)/Hard/Twitter,1
Python/Interview Question/Stratascratch (Python)/Hard/Whole Foods Market,1
Python/Interview Question/Stratascratch (Python)/Medium/Accenture,1
Python/Interview Question/Stratascratch (Python)/Medium/Allstate,1
Python/Interview Question/Stratascratch (Python)/Medium/American Express,1
Python/Interview Question/Stratascratch (Python)/Medium/Bosch,1
Python/Algorithm Problems,1
Python/Algorithm Problems/Amazon/Medium,1
Projects/Certifications/Purchase/Advanced Corporate Strategy/Week 1/Copy of GE-MCKINSEY NINE BOX MATRIX,1
Projects/To-Do/Kotlin Google Developers,1
Projects/To-Do/Kotlin Google Developers/Unit 2- Get User Input Part I,1
Projects/To-Do/Kotlin Google Developers/Unit 3- Navigation/Architecture Components/Store Data In ViewModel/Untitled,1
Python/Interview Question/Stratascratch (Python)/Medium/Box,1
Python/Interview Question/Stratascratch (Python)/Medium/BuzzFeed,1
Python/Interview Question/Stratascratch (Python)/Medium/CVS Health,1
Python/Interview Question/Stratascratch (Python)/Medium/Credit Acceptance,1
Python/Interview Question/Stratascratch (Python)/Medium/Credit Karma,1
Python/Interview Question/Stratascratch (Python)/Medium/Delta Airlines,1
Python/Interview Question/Stratascratch (Python)/Medium/Etsy,1
Python/Interview Question/Stratascratch (Python)/Medium/Expedia,1
Python/Interview Question/Stratascratch (Python)/Medium/Goldman Sachs,1
Python/Interview Question/Stratascratch (Python)/Medium/IBM,1
Projects/To-Do/Kotlin Google Developers/Unit 3- Navigation/Navigate Between Screens/Activities and Intent,1
Projects/Stats Roadmap/Sampling & Estimation,1
Projects/Certifications/Learnings/Introduction to Data Analytics,1
Projects/Certifications/Learnings/Market Analytics for Meta,1
Projects/Certifications/Learnings/Statistics For Marketing by Meta,1
Projects/Certifications/Learnings/Statistics For Marketing by Meta/Statistics for Marketing,1
Python/Interview Question/Stratascratch (Python)/Medium/KPMG,1
Python/Interview Question/Stratascratch (Python)/Medium/Linux,1
Python/Interview Question/Stratascratch (Python)/Medium/MetLife,1
Python/Interview Question/Stratascratch (Python)/Medium/Twitch,1
Python/Interview Question/Stratascratch (Python)/Medium/Whole Foods Market,1
Python/Interview Question/Stratascratch (Python)/Medium/Workday,1
Python/Interview Question/Stratascratch (Python)/Medium/Zillow,1
Python/Interview Question/Stratascratch (Python)/Medium/Natera,1
Python/Interview Question/Stratascratch (Python)/Medium/Netflix,1
Interview Question/Leet Code (SQL)/Chapter 4,1
Interview Question/Leet Code (SQL)/Chapter 5,1
Interview Question/Leet Code (SQL)/Chapter 6,1
Interview Question/Leet Code (SQL)/Chapter 6/6.2 IN & NOT IN Operations,1
Interview Question/Leet Code (SQL)/Chapter 7,1
Interview Question/Leet Code (SQL)/Chapter 7/7.1 Date Arithmetic & Calculations,1
Interview Question/Leet Code (SQL)/Chapter 7/7.2 Number Tables,1
Interview Question/Leet Code (SQL)/Chapter 8,1
Interview Question/Leet Code (SQL)/Chapter 8/8.1 LIKE & REGEXP Operations,1
Python/Interview Question/Stratascratch (Python)/Medium/Noom,1
Interview Question/Leet Code (SQL)/Chapter 3/3.3 Multiple Table Joins,1
Python/Projects/Medium/Clustering,1
Python/Interview Question/Stratascratch (Python)/Medium/Nvidia,1
Python/Interview Question/Stratascratch (Python)/Medium/Salesforce,1
Python/Interview Question/Stratascratch (Python)/Medium/Sears,1
Python/Interview Question/Stratascratch (Python)/Medium/Tata Consultancy,1
Projects/Certifications/Purchase/Advanced Corporate Strategy,1
Projects/Certifications/Purchase/Advanced Corporate Strategy/Course Summary,1
Projects/Certifications/Purchase/Advanced Corporate Strategy/Week 1,1
Projects/Certifications/Purchase/Advanced Corporate Strategy/Week 1/Copy of ASHRIDGE MATRIX,1
Projects/Certifications/Purchase/Advanced Corporate Strategy/Week 1/Copy of BCG Matrix,1
Projects/MicroSoft Fabric/Ingest and transform data,1
Projects/MicroSoft Fabric/Monitor and optimize an analytics solution,1
Projects/PL -300 Certification,1
Projects/PL -300 Certification/Modules/Ultimate Color Palette Bundle,1
Projects/Stats Roadmap,1
SOPs of Power BI/10. Deployment & Release Management SOP/10.6 Post-Deployment Validation,1
Python/Projects,1
Python/Projects/Easy/Classification,1
Python/Projects/Easy/Clustering,1
Interview Question/Leet Code (SQL)/Chapter 13/13.5,1
Interview Question/Leet Code (SQL)/Chapter 13/13.7,1
Interview Question/Leet Code (SQL)/Chapter 13/13.9,1
Interview Question/Leet Code (SQL)/Chapter 2,1
Projects/Forage Documentation/PWC Digital Assurance,1
Projects/Forage Documentation/PWC Digital Intelligence,1
Projects/Forage Documentation/Presentation Notes,1
Projects/Forage Documentation/Standard Bank/Task 1- Data Science With SQL,1
Projects/Certifications/Purchase/Financial Accounting,1
Projects/Data Engineering Projects,1
Projects/Data Engineering Projects/Projects/Binaryville/2. Project Setup/Data Lakehouse – High-Level Solution,1
Interview Question/Leet Code (SQL)/Chapter 3,1
SOPs of Power BI/12. Capacity & Workspace Management SOP/12.4 Content Lifecycle Management,1
SOPs of Power BI/12. Capacity & Workspace Management SOP/12.5 Cost Management,1
SOPs of Power BI/12. Capacity & Workspace Management SOP/12.6 Workspace Governance,1
SOPs of Power BI/2. Data Modeling Standards SOP,1
SOPs of Power BI/2. Data Modeling Standards SOP/2.1 Schema Design Standards,1
Python/Projects/Medium/Data Engineering,1
Python/Selenium,1
Python/Visualization,1
SOPs of Power BI,1
SOPs of Power BI/1. Data Source Connectivity & Governance SOP,1
SOPs of Power BI/10. Deployment & Release Management SOP,1
SOPs of Power BI/10. Deployment & Release Management SOP/10.1 Release Planning,1
SOPs of Power BI/10. Deployment & Release Management SOP/10.2 Deployment Pipeline,1
SOPs of Power BI/10. Deployment & Release Management SOP/10.3 Approval Workflow,1
SOPs of Power BI/10. Deployment & Release Management SOP/10.4 Deployment Execution,1
SOPs of Power BI/10. Deployment & Release Management SOP/10.5 Rollback Procedures,1
Interview Question/Leet Code (SQL)/Chapter 12/12.2,1
Interview Question/Leet Code (SQL)/Chapter 12/12.3,1
Interview Question/Leet Code (SQL)/Chapter 12/12.4,1
Interview Question/Leet Code (SQL)/Chapter 13,1
Interview Question/Leet Code (SQL)/Chapter 13/13.1,1
SOPs of Power BI/11. Monitoring & Support SOP,1
SOPs of Power BI/11. Monitoring & Support SOP/11.1 Proactive Monitoring,1
SOPs of Power BI/11. Monitoring & Support SOP/11.2 Alerting & Notifications,1
SOPs of Power BI/11. Monitoring & Support SOP/11.3 Incident Management,1
SOPs of Power BI/11. Monitoring & Support SOP/11.4 Service Level Agreements,1
SOPs of Power BI/11. Monitoring & Support SOP/11.5 Support Ticketing,1
SOPs of Power BI/11. Monitoring & Support SOP/11.6 Knowledge Base Management,1
SOPs of Power BI/12. Capacity & Workspace Management SOP,1
SOPs of Power BI/12. Capacity & Workspace Management SOP/12.1 Workspace Provisioning,1
SOPs of Power BI/12. Capacity & Workspace Management SOP/12.2 Capacity Planning,1
SOPs of Power BI/12. Capacity & Workspace Management SOP/12.3 License Management,1
SOPs of Power BI/4. Report Design & UX Standards SOP/4.7 Conditional Formatting Guidelines,1
SOPs of Power BI/5. Development Lifecycle & Version Control SOP,1
SOPs of Power BI/5. Development Lifecycle & Version Control SOP/5.1 Environment Setup,1
SOPs of Power BI/5. Development Lifecycle & Version Control SOP/5.2 Version Control Integration,1
SOPs of Power BI/5. Development Lifecycle & Version Control SOP/5.3 Code Review Process,1
SOPs of Power BI/5. Development Lifecycle & Version Control SOP/5.4 Change Management,1
SOPs of Power BI/5. Development Lifecycle & Version Control SOP/5.5 Build & Integration,1
SOPs of Power BI/6. Performance Optimization SOP,1
SOPs of Power BI/2. Data Modeling Standards SOP/2.2 Table & Column Naming Conventions,1
SOPs of Power BI/2. Data Modeling Standards SOP/2.4 Data Type Standards,1
SOPs of Power BI/3. DAX Development Standards SOP,1
Interview Question/Leet Code (SQL)/Chapter 11/11.5,1
Interview Question/Leet Code (SQL)/Chapter 11/11.7,1
Interview Question/Leet Code (SQL)/Chapter 11/11.8,1
Interview Question/Leet Code (SQL)/Chapter 12,1
Interview Question/Leet Code (SQL)/Chapter 12/12.1,1
SOPs of Power BI/9. Security & Compliance SOP,1
SOPs of Power BI/9. Security & Compliance SOP/9.1 Workspace Access Control,1
SOPs of Power BI/9. Security & Compliance SOP/9.2 Row-Level Security Design,1
SOPs of Power BI/9. Security & Compliance SOP/9.3 Data Classification,1
SOPs of Power BI/9. Security & Compliance SOP/9.4 Regulatory Compliance,1
SOPs of Power BI/9. Security & Compliance SOP/9.5 Sensitive Data Handling,1
SOPs of Power BI/9. Security & Compliance SOP/9.6 Audit & Monitoring,1
SOPs of Power BI/7. Testing & Quality Assurance SOP/7.5 Regression Testing,1
SOPs of Power BI/7. Testing & Quality Assurance SOP/7.6 Performance Testing,1
SOPs of Power BI/8. Documentation Standards SOP,1
SOPs of Power BI/8. Documentation Standards SOP/8.1 Data Dictionary,1
SOPs of Power BI/8. Documentation Standards SOP/8.2 Measure Documentation,1
SOPs of Power BI/3. DAX Development Standards SOP/3.6 Performance Optimization Techniques,1
SOPs of Power BI/4. Report Design & UX Standards SOP,1
SOPs of Power BI/4. Report Design & UX Standards SOP/4.5 Accessibility Requirements,1
SOPs of Power BI/4. Report Design & UX Standards SOP/4.6 Interactivity Standards,1
SQL Interview Prep/07-07-2025/PWC,1
Projects/Data Engineering Projects/Projects/Binaryville/3. Bronze Layer Implementation/Verify Customer Data in the Bronze Layer Lakehouse,1
Projects/Data Engineering Projects/Projects/Binaryville/3. Bronze Layer Implementation/Verify Orders Data in the Bronze Layer Lakehouse,1
Projects/Data Engineering Projects/Projects/Binaryville/3. Bronze Layer Implementation/Verify Product Data in the Bronze Layer Lakehouse,1
Projects/Data Engineering Projects/Projects/Binaryville/4. Silver Layer Implementation/Verify Customer Data,1
Projects/Data Engineering Projects/Projects/Binaryville/4. Silver Layer Implementation/Verify Order Data,1
Projects/Data Engineering Projects/Projects/Binaryville/4. Silver Layer Implementation/Verify Product Data,1
Projects/Data Engineering Projects/Projects/Lambda,1
Projects/Data Engineering Projects/Projects/Spotify Top Streamed Songs,1
Projects/Enhanced Machine Learning Roadmap,1
Projects/Enhanced Machine Learning Roadmap/Projects/Project template,1
SQL Interview Prep/4. Reddit Questions,1
SOPs of Power BI/6. Performance Optimization SOP/6.1 Performance Benchmarking,1
SOPs of Power BI/6. Performance Optimization SOP/6.2 Query Optimization,1
SOPs of Power BI/6. Performance Optimization SOP/6.3 Data Model Optimization,1
SOPs of Power BI/6. Performance Optimization SOP/6.4 Aggregation Strategies,1
Python/Algorithm Problems/Trivago/Hard,1
Python/Algorithm Problems/Twitter/Easy,1
Python/Algorithm Problems/Walmart/Easy,1
Python/Algorithm Problems/Walmart/Medium,1
Python/Algorithm Problems/Zillow/Medium,1
Python/Interview Question/Data Lemur (Python),1
Python/Interview Question/Data Lemur (Python)/Hard,1
Projects/Enhanced Machine Learning Roadmap/Tasks/Task template,1
Projects/Forage Documentation/Accenture,1
Projects/Forage Documentation/Accenture Forage Internship/Accenture Presentation,1
Projects/Forage Documentation/JPMC Excel,1
Interview Question/Data Lemur,1
Interview Question/Leet Code (SQL)/Chapter 1,1
SQL Interview Prep,1
SQL Interview Prep/07-07-2025/American Express,1
SQL Interview Prep/07-07-2025/KPMG,1
